id,first_name,last_name,email,country,ip_address
1,Rebecca,Johnston,rjohnston@twitterlist.org,Syria,115.25.131.108
2,Donald,Henderson,dhenderson@wikizz.info,Niue,85.186.113.81
3,Eugene,Wagner,ewagner@tanoodle.com,Cote d'Ivoire,225.48.163.209
4,Philip,Rivera,privera@meezzy.edu,Marshall Islands,162.95.237.119
5,Gary,Frazier,gfrazier@jayo.biz,Qatar,42.45.26.151
6,Pamela,Campbell,pcampbell@devcast.net,Cameroon,242.206.197.185
7,Louise,Hunt,lhunt@roodel.info,Bermuda,228.174.174.112
8,Rebecca,Sullivan,rsullivan@mydo.gov,Morocco,10.5.33.157
9,Scott,Cole,scole@roomm.net,Austria,182.94.80.70
10,Brian,Bishop,bbishop@skibox.name,Laos,60.120.120.198
11,Peter,Daniels,pdaniels@leenti.biz,Uzbekistan,77.9.10.76
12,Sara,Gilbert,sgilbert@voomm.name,Sweden,26.138.78.111
13,Justin,Campbell,jcampbell@jabberbean.edu,Sierra Leone,188.66.122.213
14,Timothy,Simmons,tsimmons@agivu.org,Latvia,60.29.205.146
15,Cheryl,Jenkins,cjenkins@eabox.com,Kazakhstan,219.253.112.50
16,Julie,Murphy,jmurphy@twiyo.biz,Switzerland,87.165.81.113
17,Cynthia,Peters,cpeters@plajo.biz,Bahrain,151.62.22.19
18,Dennis,Gonzalez,dgonzalez@meetz.gov,Bosnia and Herzegovina,231.123.244.19
19,Eric,Wallace,ewallace@demivee.info,Mayotte,193.177.132.139
20,Nicholas,Fowler,nfowler@skyvu.mil,French Southern Territories,51.96.45.73
21,Julie,Pierce,jpierce@topicware.biz,Mozambique,198.183.166.49
22,Juan,Phillips,jphillips@pixoboo.name,Saint Martin,61.81.133.120
23,Rachel,Richardson,rrichardson@quaxo.biz,Netherlands,65.123.55.59
24,Kimberly,Hudson,khudson@livetube.mil,Cocos (Keeling) Island,213.97.138.27
25,Laura,Harrison,lharrison@zazio.org,Chile,86.145.149.224
26,Louis,Ryan,lryan@lazzy.biz,Indonesia,3.225.249.9
27,Gary,Stephens,gstephens@youtags.com,Uganda,132.169.102.44
28,Russell,Wood,rwood@kwimbee.net,Niger,6.103.36.102
29,Philip,Jones,pjones@fliptune.name,Philippines,3.254.145.87
30,Carol,Brooks,cbrooks@avamba.edu,Bahrain,192.155.77.200
31,Eugene,Owens,eowens@blogtags.mil,Senegal,153.145.48.92
32,Samuel,Campbell,scampbell@oloo.edu,India,213.74.93.247
33,William,Holmes,wholmes@quire.gov,Kuwait,186.222.117.218
34,Christina,Torres,ctorres@linkbuzz.com,Chile,23.77.83.76
35,Nicholas,Price,nprice@jetwire.net,Iceland,124.203.153.186
36,Pamela,Jenkins,pjenkins@gigazoom.com,Serbia,203.172.211.30
37,Sean,Perkins,sperkins@skyba.mil,Mexico,142.254.223.147
38,Andrea,Lawrence,alawrence@wordware.mil,Burundi,26.84.198.66
39,Martha,Ross,mross@abatz.edu,Heard and McDonald Islands,82.100.13.42
40,Michael,Price,mprice@jayo.mil,Chad,254.130.79.28
41,Matthew,Robertson,mrobertson@dabtype.biz,Madagascar,244.34.33.64
42,Emily,Gomez,egomez@photospace.name,Somalia,147.141.22.121
43,Anne,Freeman,afreeman@bubblebox.com,Croatia,102.36.33.203
44,Bruce,Hall,bhall@skipstorm.name,Greece,175.202.115.169
45,Philip,Gray,pgray@demimbu.gov,Trinidad and Tobago,177.87.231.90
46,Rachel,Perry,rperry@gevee.name,France,71.190.139.243
47,Robert,Harrison,rharrison@skipfire.mil,Guyana,118.133.210.252
48,Heather,Hayes,hhayes@centidel.name,Yugoslavia,99.164.239.111
49,Sean,Woods,swoods@voonte.org,Luxembourg,219.236.175.241
50,Rose,Jordan,rjordan@jabberbean.info,Turkey,183.227.54.70
51,Tammy,Dean,tdean@yakijo.biz,Venezuela,137.238.12.67
52,Anthony,Fuller,afuller@dabshots.net,Algeria,229.12.214.233
53,Roger,Barnes,rbarnes@dazzlesphere.mil,"Palestinian Territory, Occupied",145.171.139.50
54,Lois,Fernandez,lfernandez@edgepulse.net,Montenegro,100.187.191.218
55,Kenneth,Rice,krice@cogibox.mil,Ireland,119.40.187.210
56,Steve,Russell,srussell@zoozzy.com,French Southern Territories,33.1.44.187
57,Thomas,Porter,tporter@katz.name,Haiti,159.97.101.209
58,Steven,Wagner,swagner@photolist.mil,Ukraine,203.98.42.141
59,Sarah,Garrett,sgarrett@voonte.biz,Benin,16.23.191.100
60,Timothy,Riley,triley@innoz.com,Azerbaijan,200.122.250.13
61,Jane,Reyes,jreyes@demimbu.edu,Tokelau,197.222.10.6
62,Laura,Peterson,lpeterson@quatz.edu,Sweden,202.73.182.54
63,Anna,Gray,agray@dabfeed.com,Kazakhstan,95.69.133.240
64,Ernest,Knight,eknight@linkbridge.gov,Cayman Islands,64.113.79.31
65,Larry,Hall,lhall@chatterbridge.com,Cook Islands,78.43.214.77
66,Craig,Cole,ccole@teklist.info,United States of America,49.69.7.172
67,Kenneth,Little,klittle@skimia.name,Macedonia,93.60.32.77
68,Betty,Bell,bbell@bubblebox.org,Montenegro,68.26.209.86
69,Laura,Bryant,lbryant@oyonder.biz,Kenya,73.97.4.248
70,Matthew,Wagner,mwagner@skajo.info,Grenada,72.253.66.34
71,Timothy,Miller,tmiller@twitterwire.org,Haiti,75.122.138.238
72,Denise,Bishop,dbishop@kwideo.net,Qatar,131.106.85.160
73,Louis,Bishop,lbishop@lajo.biz,Japan,255.197.172.99
74,Jennifer,Jacobs,jjacobs@mybuzz.edu,Guam,48.183.156.163
75,Judy,Pierce,jpierce@twitterbridge.gov,Rwanda,224.25.228.38
76,Roy,Ruiz,rruiz@demivee.info,Qatar,48.93.157.82
77,Debra,Carter,dcarter@mydo.name,Togo,220.8.28.151
78,Julia,Burns,jburns@cogidoo.com,Seychelles,233.172.103.255
79,Beverly,Wheeler,bwheeler@meetz.gov,Uzbekistan,210.75.61.92
80,Christopher,Brooks,cbrooks@dabvine.name,Hungary,33.136.34.253
81,Brenda,Perkins,bperkins@twitterlist.mil,Hungary,39.29.98.3
82,Kimberly,Burke,kburke@browsedrive.mil,Micronesia,37.32.240.60
83,Christina,Morris,cmorris@innotype.net,Bolivia,37.32.211.160
84,Debra,Rodriguez,drodriguez@zooxo.mil,Nicaragua,235.75.120.26
85,Thomas,Perry,tperry@dabvine.net,Kiribati,134.217.184.103
86,Charles,Lawrence,clawrence@feedfish.biz,Vatican City State (Holy See),11.99.81.85
87,Kathryn,Perkins,kperkins@riffwire.org,Martinique,107.175.129.63
88,Larry,Scott,lscott@livepath.mil,New Caledonia,225.95.174.86
89,Ralph,Smith,rsmith@nlounge.name,Slovakia,55.24.221.169
90,Jean,Price,jprice@skyble.info,San Marino,227.121.16.72
91,Walter,Hunter,whunter@browsetype.gov,Saint Kitts and Nevis,85.172.117.120
92,Chris,Carr,ccarr@kwilith.edu,Tanzania,69.100.135.146
93,Diana,Diaz,ddiaz@shufflebeat.gov,Angola,106.127.10.185
94,Rose,Carpenter,rcarpenter@yotz.name,Mozambique,159.50.213.99
95,Wayne,Fuller,wfuller@fadeo.net,Iceland,225.159.202.194
96,Russell,Duncan,rduncan@ainyx.net,Yemen,24.74.113.46
97,Harold,Ford,hford@aivee.name,Trinidad and Tobago,124.15.195.83
98,Philip,Spencer,pspencer@dabtype.mil,Slovenia,92.206.110.21
99,George,Gonzales,ggonzales@pixoboo.gov,Hong Kong,78.41.54.152
100,Kelly,Medina,kmedina@zooxo.info,Madagascar,75.243.45.186
101,Johnny,Taylor,jtaylor@ailane.edu,Macedonia,228.186.96.135
102,Sandra,Stone,sstone@dynabox.mil,Denmark,188.35.41.21
103,Michael,Davis,mdavis@kayveo.name,Albania,166.105.144.127
104,Judith,Montgomery,jmontgomery@shufflebeat.org,Nicaragua,209.19.89.137
105,Lori,Cruz,lcruz@twiyo.com,Fiji,194.114.47.7
106,Gerald,Long,glong@wikizz.info,Macedonia,39.47.38.170
107,Linda,Burns,lburns@yodel.net,Haiti,113.229.246.91
108,Timothy,Reid,treid@yodel.info,Bhutan,56.176.114.118
109,Kathy,Jackson,kjackson@edgewire.com,Puerto Rico,177.30.95.161
110,Beverly,Hudson,bhudson@voomm.biz,Haiti,143.123.108.66
111,Melissa,King,mking@oyoloo.net,Sudan,75.103.239.113
112,Kimberly,Roberts,kroberts@flashdog.org,French Polynesia,217.193.171.118
113,Carolyn,Bishop,cbishop@yamia.name,Cook Islands,208.113.117.105
114,Edward,Mills,emills@devcast.name,Heard and McDonald Islands,81.22.238.199
115,Gloria,Gardner,ggardner@voomm.name,US Minor Outlying Islands,156.100.246.168
116,Ralph,Scott,rscott@photojam.name,Thailand,148.193.128.215
117,Donald,Clark,dclark@brainsphere.name,Dominican Republic,139.202.60.231
118,Louis,Mitchell,lmitchell@edgeify.mil,Guyana,230.92.208.85
119,Nicole,Carroll,ncarroll@tagfeed.edu,Venezuela,135.200.39.193
120,Ronald,Palmer,rpalmer@realpoint.edu,"Congo, Democratic Republic of",222.140.252.113
121,Kenneth,Perkins,kperkins@oyoba.mil,Tajikistan,19.95.45.195
122,Teresa,Henderson,thenderson@jaxnation.edu,"Palestinian Territory, Occupied",170.165.161.69
123,Phyllis,Morrison,pmorrison@oyope.info,Kyrgyzstan,247.131.102.205
124,Jesse,Butler,jbutler@eare.biz,Guadeloupe,56.23.78.251
125,Rachel,Robertson,rrobertson@yotz.net,Cayman Islands,94.204.39.189
126,Judith,Simpson,jsimpson@fliptune.gov,Eritrea,77.190.161.91
127,Phyllis,Greene,pgreene@zoombeat.biz,Dominican Republic,105.119.66.208
128,Louis,Phillips,lphillips@flipopia.edu,"Congo, Democratic Republic of",129.29.117.237
129,Anthony,Jones,ajones@quamba.com,Malawi,11.184.251.212
130,Eric,Webb,ewebb@tekfly.edu,Reunion,179.127.18.170
131,Todd,Morgan,tmorgan@jaxbean.edu,Isle of Man,176.140.102.202
132,Joe,Fuller,jfuller@quatz.org,Aruba,35.28.4.145
133,Sharon,Weaver,sweaver@skibox.biz,Bhutan,171.225.170.38
134,Nicole,Spencer,nspencer@photofeed.edu,Zambia,32.169.4.18
135,Keith,Long,klong@topicstorm.gov,Kiribati,109.239.36.129
136,Rachel,Elliott,relliott@ozu.info,Guernsey,46.113.162.117
137,Howard,Matthews,hmatthews@dabshots.org,"Korea, South",132.36.153.152
138,Wayne,Bell,wbell@pixoboo.net,Sao Tome and Principe,176.242.110.201
139,Jonathan,Garza,jgarza@zoombeat.net,Niger,209.73.144.17
140,Carlos,Kennedy,ckennedy@jaxspan.biz,Faroe Islands,145.57.68.174
141,Amanda,Rodriguez,arodriguez@gigazoom.mil,Bosnia and Herzegovina,94.165.161.226
142,Wanda,Olson,wolson@ntag.net,Christmas Island,34.168.21.53
143,Scott,Hayes,shayes@camido.edu,British Virgin Islands,8.206.34.157
144,Craig,Nichols,cnichols@avamm.biz,Pakistan,193.146.161.49
145,Lori,Nguyen,lnguyen@quimba.name,New Caledonia,154.130.113.158
146,Billy,Johnson,bjohnson@skimia.net,Brazil,34.210.138.156
147,Lillian,Lee,llee@yamia.biz,Senegal,187.92.135.161
148,Jessica,Perry,jperry@kare.gov,United Kingdom,236.51.252.195
149,Louis,Reid,lreid@quimm.com,Fiji,148.239.219.154
150,Cheryl,Griffin,cgriffin@tagopia.name,Uruguay,218.70.22.203
151,Laura,Garcia,lgarcia@rhynyx.name,Aruba,232.12.36.142
152,Melissa,Simmons,msimmons@brainfire.org,Slovakia,45.86.159.22
153,Jack,Young,jyoung@avavee.info,Timor-Leste,216.95.208.232
154,Joan,Hernandez,jhernandez@oozz.biz,Brazil,36.188.189.231
155,Bruce,Russell,brussell@riffpath.name,"Congo, Republic of",221.130.209.214
156,Dorothy,Riley,driley@kimia.edu,Finland,54.12.141.144
157,Harry,Hunt,hhunt@centizu.name,Brunei Darussalam,128.79.70.198
158,Emily,Henderson,ehenderson@youtags.com,Haiti,145.255.49.36
159,Juan,Duncan,jduncan@blogtag.gov,China,250.53.100.216
160,Julia,Garza,jgarza@brightdog.edu,Malawi,47.188.254.40
161,Emily,Robinson,erobinson@linkbridge.name,Antarctica,172.250.54.42
162,Harold,Brown,hbrown@vitz.info,Faroe Islands,94.31.97.220
163,Sandra,Reid,sreid@kare.biz,Israel,223.150.18.153
164,Victor,Rice,vrice@skyble.com,Bouvet Island,229.117.143.112
165,Anthony,Bryant,abryant@rhyzio.com,Russia,106.220.89.165
166,Todd,Anderson,tanderson@oyondu.org,Svalbard and Jan Mayen Islands,8.81.49.245
167,Amy,Reed,areed@yamia.edu,Bouvet Island,110.172.98.103
168,Ann,Willis,awillis@quimba.org,Tanzania,249.249.206.32
169,Billy,Walker,bwalker@buzzdog.gov,Puerto Rico,138.120.113.252
170,Christine,Garza,cgarza@voonder.mil,Mayotte,218.108.31.114
171,Teresa,Martinez,tmartinez@vipe.name,Yugoslavia,16.221.76.179
172,Christine,Cruz,ccruz@oyonder.name,Nauru,128.219.233.91
173,Randy,Washington,rwashington@linklinks.gov,San Marino,93.147.204.155
174,Melissa,Ferguson,mferguson@yodel.mil,Singapore,115.255.232.83
175,Timothy,Fuller,tfuller@abata.name,Macedonia,48.164.255.198
176,Denise,Garcia,dgarcia@feedbug.edu,Belarus,172.35.108.80
177,Thomas,Welch,twelch@gabcube.mil,Angola,251.17.125.56
178,Martin,Garrett,mgarrett@fiveclub.gov,Philippines,11.212.52.215
179,Brian,Kim,bkim@shuffledrive.info,Djibouti,176.68.107.243
180,Phyllis,Ryan,pryan@trilith.net,Poland,107.251.31.198
181,Thomas,Stanley,tstanley@quatz.edu,Svalbard and Jan Mayen Islands,45.192.231.83
182,Sharon,Myers,smyers@voonder.net,Mexico,122.31.251.181
183,Lawrence,Gray,lgray@shuffledrive.org,Poland,11.189.92.219
184,Patrick,Arnold,parnold@riffpath.com,Gambia,83.5.137.241
185,Jason,Young,jyoung@skyble.biz,British Virgin Islands,5.162.11.185
186,Clarence,Oliver,coliver@digitube.biz,Tokelau,197.84.252.118
187,Lori,Hamilton,lhamilton@tagcat.name,Djibouti,77.211.87.224
188,Maria,Collins,mcollins@jatri.mil,Sweden,110.20.184.221
189,Patrick,Olson,polson@flipbug.com,French Polynesia,172.202.25.95
190,Gary,Collins,gcollins@zoomzone.gov,Vietnam,10.86.6.86
191,Patrick,Gilbert,pgilbert@miboo.gov,"Korea, North",126.5.174.245
192,Ann,Armstrong,aarmstrong@voolith.gov,Belarus,124.3.162.47
193,Dorothy,Sanchez,dsanchez@eabox.gov,Turks and Caicos Islands,133.75.217.6
194,Mary,Daniels,mdaniels@dynava.biz,Montenegro,196.156.171.59
195,Nicole,Ramirez,nramirez@thoughtmix.net,Ghana,112.75.106.120
196,Ryan,Jones,rjones@gigaclub.name,Grenada,29.65.227.103
197,Alice,Perez,aperez@skilith.gov,New Zealand,187.139.148.78
198,Roger,Russell,rrussell@vinder.mil,Andorra,196.121.11.77
199,Joseph,Bennett,jbennett@devpoint.biz,Mozambique,195.110.161.82
200,Frank,Price,fprice@dynava.name,Antigua and Barbuda,53.116.193.157
201,Samuel,Rice,srice@oyondu.name,"Palestinian Territory, Occupied",134.11.162.222
202,Jane,Hall,jhall@voolia.biz,San Marino,128.151.198.94
203,Bruce,Wright,bwright@realcube.mil,Spain,56.220.224.75
204,Roger,Lewis,rlewis@agimba.name,Niger,42.57.233.81
205,Carolyn,Hunt,chunt@cogidoo.mil,Algeria,79.18.7.12
206,Adam,Bradley,abradley@quinu.gov,British Virgin Islands,152.189.250.78
207,Robert,Diaz,rdiaz@aivee.org,Ukraine,173.188.173.27
208,Paula,Hall,phall@wordpedia.org,Yemen,46.200.62.48
209,Gloria,Lewis,glewis@riffwire.mil,Equatorial Guinea,236.87.102.105
210,Kathy,Martinez,kmartinez@thoughtbridge.gov,Oman,239.218.115.113
211,Steven,Davis,sdavis@zoozzy.edu,Uganda,59.200.108.242
212,Mary,Franklin,mfranklin@wikizz.com,Lebanon,189.181.118.34
213,Marilyn,Mendoza,mmendoza@eayo.net,Gambia,218.1.45.210
214,Sarah,Fox,sfox@quaxo.mil,Denmark,35.6.212.241
215,Raymond,Duncan,rduncan@gabtype.edu,Liechtenstein,155.185.149.18
216,Clarence,Shaw,cshaw@vinder.com,Maldives,122.133.211.108
217,Lillian,Gutierrez,lgutierrez@dablist.name,American Samoa,32.213.37.24
218,Jerry,Baker,jbaker@edgeclub.net,Brunei Darussalam,80.253.121.226
219,Barbara,Larson,blarson@voonix.mil,Aruba,202.83.107.191
220,Charles,Cooper,ccooper@rhynyx.edu,Burkina Faso,222.70.70.177
221,Nicole,Collins,ncollins@zoonder.biz,Niue,173.255.108.206
222,Scott,Shaw,sshaw@kayveo.net,Reunion,126.53.152.114
223,Mary,Parker,mparker@ozu.edu,Guyana,189.78.88.6
224,Jerry,Bailey,jbailey@kayveo.name,American Samoa,143.82.22.111
225,Harold,Burns,hburns@vinte.edu,Mayotte,61.81.176.253
226,Douglas,Ramos,dramos@viva.gov,Heard and McDonald Islands,197.97.35.45
227,Ernest,Burke,eburke@devify.org,Montenegro,206.254.233.67
228,Virginia,Woods,vwoods@centizu.edu,Swaziland,124.224.37.217
229,Mark,Snyder,msnyder@rhyzio.biz,Algeria,124.96.207.92
230,Samuel,Miller,smiller@zoonoodle.org,Dominican Republic,194.0.45.38
231,Timothy,Ramirez,tramirez@realbridge.gov,Saint Vincent and the Grenadines,187.110.252.236
232,Terry,Dunn,tdunn@edgetag.mil,Pakistan,242.35.129.172
233,Louise,Warren,lwarren@geba.gov,Cambodia,128.236.65.182
234,Scott,Arnold,sarnold@dabtype.net,Burkina Faso,167.139.185.246
235,Nicole,Hunt,nhunt@plambee.edu,Latvia,15.219.22.171
236,Jimmy,Palmer,jpalmer@skalith.info,Thailand,23.61.196.43
237,Louise,Gardner,lgardner@yadel.net,Yugoslavia,109.130.109.2
238,Patricia,Larson,plarson@jabberstorm.edu,Palau,187.46.181.24
239,Melissa,Owens,mowens@aimbu.biz,Niue,203.76.21.146
240,Denise,Richards,drichards@photospace.biz,Anguilla,3.236.69.174
241,Betty,Hicks,bhicks@youspan.biz,Christmas Island,142.97.8.222
242,Bobby,Evans,bevans@feedfish.info,Yugoslavia,101.151.77.151
243,Phillip,Gonzales,pgonzales@trilia.com,United States of America,182.230.60.73
244,Alice,Romero,aromero@demizz.info,Portugal,196.95.215.44
245,Joan,Carpenter,jcarpenter@realfire.name,Kazakhstan,138.49.208.55
246,Julie,Meyer,jmeyer@wordware.biz,Paraguay,59.65.98.44
247,Christina,Cole,ccole@browsetype.mil,Zambia,49.148.219.147
248,Diana,Hart,dhart@cogilith.mil,Syria,88.60.137.61
249,Timothy,Kelley,tkelley@gabtune.org,Bouvet Island,179.9.8.84
250,Kevin,Palmer,kpalmer@tagopia.net,Algeria,95.212.123.143
251,Thomas,Coleman,tcoleman@browsedrive.com,Gibraltar,234.244.137.82
252,Melissa,Garza,mgarza@yakijo.org,Mauritius,108.99.236.234
253,Walter,Hamilton,whamilton@ailane.edu,Iceland,240.167.19.139
254,Russell,Graham,rgraham@eadel.net,Tokelau,83.177.108.0
255,Ernest,Hicks,ehicks@jayo.name,Comoros,116.165.194.35
256,Benjamin,Gomez,bgomez@trilia.com,Austria,27.23.108.60
257,Kathleen,Reed,kreed@omba.gov,Christmas Island,156.54.205.248
258,Chris,Murray,cmurray@meeveo.mil,Tunisia,213.243.244.34
259,Patricia,Bailey,pbailey@wikibox.gov,Gambia,148.58.177.10
260,Katherine,Davis,kdavis@trilith.info,Timor-Leste,80.165.195.66
261,Terry,Perkins,tperkins@janyx.name,Mozambique,110.146.155.87
262,Edward,Dixon,edixon@jaxnation.biz,Antarctica,4.170.190.37
263,Anna,Cooper,acooper@voolith.edu,United States of America,22.222.90.230
264,Billy,Harrison,bharrison@tazz.edu,Cayman Islands,222.100.145.31
265,Kevin,Bishop,kbishop@buzzdog.com,Italy,85.136.215.143
266,Bonnie,Banks,bbanks@aibox.info,Turkmenistan,111.212.117.42
267,Evelyn,Meyer,emeyer@wordware.com,Belize,216.85.229.48
268,Eugene,Davis,edavis@ntag.biz,Lithuania,168.89.193.50
269,Louise,Henderson,lhenderson@lazzy.name,Switzerland,57.162.150.16
270,Catherine,Jenkins,cjenkins@demimbu.net,Mexico,28.124.101.124
271,Barbara,Roberts,broberts@chatterbridge.name,Netherlands Antilles,204.125.135.55
272,Heather,Mcdonald,hmcdonald@buzzshare.edu,Malta,189.255.143.139
273,Amanda,Morrison,amorrison@gabtype.mil,Libya,219.58.27.5
274,Christine,Rose,crose@blogtag.com,Cameroon,110.103.250.255
275,Nicholas,Chapman,nchapman@zoovu.info,France,9.195.171.109
276,Christopher,Snyder,csnyder@plambee.net,Heard and McDonald Islands,102.212.13.120
277,Catherine,Gonzalez,cgonzalez@rhybox.mil,Svalbard and Jan Mayen Islands,191.31.116.180
278,Mildred,Reed,mreed@vidoo.net,Saint Kitts and Nevis,183.212.195.104
279,Brenda,Ramirez,bramirez@topicshots.com,Ireland,229.192.5.176
280,Dorothy,Johnson,djohnson@avamm.org,Turkmenistan,116.134.35.253
281,Carolyn,Ramirez,cramirez@meezzy.edu,Mozambique,14.205.94.73
282,Carlos,Armstrong,carmstrong@pixoboo.mil,Brazil,194.243.32.50
283,Jane,Ellis,jellis@meezzy.info,Peru,15.174.178.116
284,Carol,Williams,cwilliams@latz.org,Netherlands Antilles,112.132.197.8
285,Lois,Bryant,lbryant@lajo.info,Burundi,191.177.199.255
286,Jack,Jenkins,jjenkins@devpulse.org,Solomon Islands,249.148.252.190
287,Joyce,Marshall,jmarshall@voonder.net,Mauritania,235.151.134.194
288,Marie,Price,mprice@zoonoodle.biz,Saint Barthelemy,124.119.218.221
289,Pamela,Cunningham,pcunningham@jaloo.mil,Ukraine,117.177.134.155
290,Lisa,Snyder,lsnyder@plambee.name,Chile,33.38.71.176
291,Steve,Cook,scook@livefish.gov,Germany,124.19.15.222
292,Louis,Martin,lmartin@blogspan.org,Syria,249.254.84.224
293,Anne,Morales,amorales@topicshots.info,Isle of Man,157.255.245.90
294,Craig,Nichols,cnichols@gigabox.biz,Pitcairn Island,178.131.211.37
295,Mildred,Robinson,mrobinson@rhybox.edu,Hungary,68.76.221.148
296,Justin,Fisher,jfisher@aivee.biz,Malta,15.158.190.74
297,Eugene,Myers,emyers@feednation.biz,Guatemala,109.45.18.152
298,Marilyn,Rice,mrice@tagpad.mil,Micronesia,70.124.70.7
299,Lillian,Hicks,lhicks@demizz.info,Ethiopia,23.181.67.139
300,Jane,Henry,jhenry@tazz.biz,Gibraltar,2.89.110.192
301,Lillian,Watson,lwatson@dabvine.biz,Malta,247.32.26.235
302,Eugene,Stephens,estephens@zoombox.mil,Portugal,44.250.65.148
303,Jennifer,Hunter,jhunter@viva.org,Palau,208.238.241.54
304,Ernest,Harrison,eharrison@quinu.biz,China,199.153.9.131
305,Arthur,Stewart,astewart@thoughtblab.gov,United States Virgin Islands,246.191.133.174
306,Brandon,Thompson,bthompson@quinu.biz,Guam,48.223.59.216
307,Virginia,Reed,vreed@oyope.biz,Kenya,125.137.153.3
308,Andrea,Hawkins,ahawkins@browseblab.org,Philippines,143.80.253.162
309,Sean,Wagner,swagner@quinu.biz,Papua New Guinea,227.200.227.56
310,Andrew,Snyder,asnyder@shufflebeat.name,Guatemala,49.181.81.148
311,Frances,Little,flittle@gabspot.name,Japan,125.87.149.148
312,Jason,Morrison,jmorrison@tavu.mil,Botswana,22.155.157.86
313,Gregory,Lawrence,glawrence@eayo.gov,Åland,16.7.139.192
314,Patricia,Richards,prichards@meezzy.info,Liechtenstein,76.188.211.134
315,Fred,Meyer,fmeyer@feedfish.net,Colombia,113.49.153.21
316,Anna,Wright,awright@tazzy.info,USSR,45.162.139.106
317,Anthony,Hart,ahart@dazzlesphere.edu,Andorra,13.84.176.170
318,Carol,Dunn,cdunn@livepath.com,Sri Lanka,64.156.208.106
319,Deborah,West,dwest@gabvine.gov,Iran,216.104.221.10
320,Philip,Owens,powens@skynoodle.mil,Lesotho,155.28.17.190
321,Peter,Clark,pclark@quimm.edu,Denmark,136.219.206.205
322,Lori,Gomez,lgomez@skidoo.net,Luxembourg,92.163.100.0
323,Marie,King,mking@oyondu.net,Serbia,48.123.123.147
324,Donald,Garrett,dgarrett@thoughtmix.net,Serbia,51.97.230.229
325,Maria,Butler,mbutler@jabbercube.name,Estonia,142.219.210.227
326,Alice,Garza,agarza@mita.org,Canada,5.243.6.179
327,Laura,Ward,lward@skyvu.gov,Marshall Islands,132.122.123.151
328,Karen,Edwards,kedwards@thoughtsphere.net,Wallis and Futuna Islands,34.100.217.56
329,Albert,Ross,aross@flipbug.name,Isle of Man,78.174.76.159
330,Patrick,West,pwest@voonyx.org,Denmark,15.57.212.113
331,Larry,Howell,lhowell@zazio.gov,Malawi,248.17.103.20
332,Russell,Lane,rlane@gabspot.edu,China,148.249.46.45
333,Bobby,Diaz,bdiaz@wikido.mil,Macau,206.221.237.84
334,Bruce,Cox,bcox@yakidoo.org,Kyrgyzstan,30.143.139.252
335,Paula,Reid,preid@roomm.edu,Japan,73.230.69.96
336,Julie,Anderson,janderson@trudeo.com,Brunei Darussalam,185.139.195.190
337,Kevin,Moore,kmoore@twitterwire.name,South Africa,167.25.252.52
338,Jose,Fisher,jfisher@digitube.name,Tanzania,53.253.165.144
339,Nancy,Hughes,nhughes@linktype.edu,Monaco,246.189.255.185
340,Judith,Perkins,jperkins@twimm.info,Equatorial Guinea,237.167.221.184
341,Albert,Marshall,amarshall@blogtag.com,Uzbekistan,248.37.117.13
342,Diane,Baker,dbaker@dabtype.mil,Bulgaria,17.224.32.112
343,Cynthia,Griffin,cgriffin@shufflester.name,Libya,153.174.135.12
344,Wayne,Fuller,wfuller@kwinu.net,Botswana,222.121.123.162
345,Cynthia,Simmons,csimmons@topiczoom.mil,New Zealand,71.47.169.198
346,Joyce,Wood,jwood@voolith.net,Seychelles,218.173.101.27
347,Clarence,Henry,chenry@linktype.com,Kenya,205.215.192.78
348,Patrick,Thompson,pthompson@meeveo.name,Syria,84.153.27.57
349,Philip,Grant,pgrant@myworks.net,El Salvador,135.42.180.43
350,Carol,James,cjames@zoomdog.edu,"Korea, North",105.213.110.137
351,Samuel,Ray,sray@eimbee.info,Antigua and Barbuda,58.73.113.46
352,Richard,Martinez,rmartinez@blogspan.gov,Turkey,30.151.179.126
353,Bonnie,Turner,bturner@camido.gov,Chad,144.151.190.56
354,Pamela,Thompson,pthompson@realblab.gov,Iraq,63.86.96.67
355,Diane,Martin,dmartin@pixoboo.gov,Belgium,40.176.116.175
356,Cynthia,Gardner,cgardner@myworks.gov,Nepal,176.41.246.194
357,Dennis,Elliott,delliott@brainsphere.info,Mali,212.116.211.100
358,Sarah,Wallace,swallace@lajo.com,Anguilla,84.202.59.33
359,Wayne,Fuller,wfuller@vidoo.com,Wallis and Futuna Islands,232.40.18.223
360,Michelle,Reid,mreid@tagopia.edu,Portugal,8.67.179.40
361,Eric,Harvey,eharvey@divape.gov,Slovakia,142.137.65.44
362,Anne,Cooper,acooper@innojam.info,Dominica,36.133.81.56
363,Wayne,Cook,wcook@aibox.com,El Salvador,178.10.0.211
364,Brian,Jackson,bjackson@thoughtsphere.gov,Svalbard and Jan Mayen Islands,114.238.34.225
365,Mark,Rodriguez,mrodriguez@quinu.net,Wallis and Futuna Islands,236.80.193.4
366,Maria,Kelly,mkelly@edgeify.name,Reunion,162.143.180.146
367,Adam,Ellis,aellis@dabz.biz,Spain,95.231.117.148
368,Mark,Hanson,mhanson@skyba.edu,Aruba,68.163.135.8
369,Victor,Nguyen,vnguyen@aimbo.biz,Pitcairn Island,25.221.130.73
370,Douglas,Rodriguez,drodriguez@rhyloo.mil,United States Virgin Islands,232.81.31.233
371,Roy,Harris,rharris@trilith.edu,Jersey,131.102.0.243
372,Paula,Powell,ppowell@gabcube.biz,Heard and McDonald Islands,48.55.154.185
373,Maria,Harrison,mharrison@aimbo.edu,Vatican City State (Holy See),64.132.56.35
374,Marie,Jacobs,mjacobs@jabbersphere.info,Malta,220.175.249.13
375,Tammy,Stewart,tstewart@eire.com,Senegal,239.254.23.225
376,Arthur,Ryan,aryan@rhynoodle.org,Mexico,140.71.153.226
377,Philip,Chapman,pchapman@edgeify.biz,Netherlands,126.59.66.2
378,Beverly,Sanchez,bsanchez@photobean.gov,US Minor Outlying Islands,255.218.20.141
379,Marilyn,Daniels,mdaniels@gabtune.name,Dominican Republic,183.194.192.211
380,Ryan,Wilson,rwilson@bluezoom.net,Lebanon,129.188.170.247
381,Shawn,Burke,sburke@vimbo.mil,Suriname,245.154.205.156
382,Norma,Reyes,nreyes@kaymbo.org,Angola,170.198.26.178
383,Shirley,Myers,smyers@jaxworks.info,Guinea-Bissau,21.185.79.224
384,Debra,Scott,dscott@twinte.biz,Svalbard and Jan Mayen Islands,225.88.55.44
385,Donald,Bennett,dbennett@flashset.net,Dominican Republic,156.150.138.62
386,David,Hunt,dhunt@livepath.biz,Vietnam,116.236.225.178
387,Rachel,Long,rlong@linklinks.mil,Croatia,227.253.11.62
388,Ernest,Gomez,egomez@devbug.biz,Cocos (Keeling) Island,113.200.242.165
389,Justin,Howard,jhoward@dynazzy.net,Slovakia,121.117.246.159
390,Mary,Thomas,mthomas@dabfeed.net,Nigeria,219.195.122.54
391,Karen,Schmidt,kschmidt@fliptune.gov,Wallis and Futuna Islands,119.86.201.47
392,Doris,King,dking@aimbo.org,Afghanistan,55.122.164.32
393,Sean,Gray,sgray@yotz.name,Guatemala,234.65.116.20
394,Lillian,Fernandez,lfernandez@eayo.com,Slovakia,24.52.8.156
395,James,Simmons,jsimmons@yotz.info,Libya,150.207.96.172
396,Arthur,Fisher,afisher@zoombox.name,Algeria,64.34.59.61
397,Andrea,Hicks,ahicks@myworks.org,Benin,201.209.135.45
398,Sara,Montgomery,smontgomery@pixoboo.edu,Seychelles,52.225.92.245
399,Steven,Clark,sclark@jatri.edu,Norfolk Island,125.69.200.226
400,Russell,Mitchell,rmitchell@eamia.edu,Angola,207.14.226.24
401,Donna,Henry,dhenry@flashspan.mil,Burundi,115.136.126.133
402,Philip,Hansen,phansen@jazzy.name,Guyana,100.177.129.158
403,Cheryl,Bowman,cbowman@kare.gov,Cocos (Keeling) Island,76.149.140.39
404,Christopher,Stevens,cstevens@twitterbridge.org,Monaco,129.188.205.39
405,Julie,Weaver,jweaver@devbug.info,Saint Martin,14.108.116.57
406,Scott,Powell,spowell@kwimbee.biz,New Zealand,2.146.246.28
407,Martin,Ramos,mramos@fliptune.biz,United Arab Emirates,238.185.80.6
408,Carol,Watson,cwatson@mynte.gov,Malaysia,219.31.140.56
409,Catherine,Jackson,cjackson@kazio.gov,Chad,17.147.115.241
410,Beverly,Simpson,bsimpson@yakitri.gov,Oman,17.24.72.3
411,Henry,Nguyen,hnguyen@trupe.net,Yugoslavia,52.87.147.251
412,Melissa,Nguyen,mnguyen@quinu.org,Romania,214.195.67.141
413,Raymond,Morgan,rmorgan@ozu.net,Saint Helena,85.232.254.104
414,Lawrence,Wheeler,lwheeler@zava.org,Turkey,199.71.130.229
415,David,Oliver,doliver@dynazzy.name,French Guiana,128.208.244.218
416,Cynthia,Garrett,cgarrett@browsezoom.name,Turkey,59.210.42.8
417,Jose,Holmes,jholmes@rooxo.org,Madagascar,248.169.45.110
418,Frank,Webb,fwebb@thoughtbridge.org,Netherlands,137.176.196.59
419,Victor,Stevens,vstevens@nlounge.org,Nicaragua,235.166.219.245
420,Sarah,Knight,sknight@flashspan.mil,Luxembourg,157.19.179.74
421,James,Rose,jrose@thoughtmix.com,Kenya,244.31.162.93
422,Jeffrey,Howard,jhoward@aimbu.biz,Netherlands Antilles,143.246.15.126
423,Lawrence,Frazier,lfrazier@brainfire.com,Heard and McDonald Islands,37.143.13.165
424,Theresa,Gibson,tgibson@zoozzy.net,Solomon Islands,245.37.202.75
425,George,Lewis,glewis@yodel.biz,Netherlands,101.250.84.242
426,Paul,Anderson,panderson@quimba.name,Belarus,193.115.133.245
427,Theresa,Russell,trussell@janyx.info,Dominica,186.122.64.34
428,Dorothy,Kelly,dkelly@blognation.org,United Kingdom,21.157.59.126
429,Christina,Shaw,cshaw@babbleset.edu,Nauru,90.235.229.165
430,Fred,Jones,fjones@quamba.gov,Suriname,152.214.225.201
431,Mark,Gonzales,mgonzales@katz.biz,Israel,71.126.117.94
432,Kenneth,Larson,klarson@roodel.org,Saint Barthelemy,191.227.44.227
433,Joseph,Webb,jwebb@izio.mil,Kenya,130.221.219.122
434,William,Spencer,wspencer@oyope.gov,Cayman Islands,52.185.216.185
435,Brian,Stephens,bstephens@mynte.biz,Armenia,129.10.62.143
436,Sean,Henry,shenry@livetube.com,Turks and Caicos Islands,66.222.73.70
437,Wayne,Bennett,wbennett@wordify.gov,Saint Kitts and Nevis,105.113.88.99
438,Arthur,Crawford,acrawford@skipstorm.gov,Cook Islands,115.250.58.21
439,Joyce,Armstrong,jarmstrong@tagfeed.mil,Saudia Arabia,143.92.55.5
440,Brandon,Fox,bfox@linkbuzz.org,Montserrat,193.186.127.240
441,Adam,Ryan,aryan@browseblab.name,Algeria,221.65.159.179
442,Christopher,Stewart,cstewart@reallinks.org,French Guiana,160.237.153.207
443,Sharon,Jordan,sjordan@babbleopia.net,British Virgin Islands,231.82.151.72
444,Anna,James,ajames@photospace.net,Saudia Arabia,101.5.80.192
445,Barbara,Bailey,bbailey@cogidoo.edu,Guyana,2.100.126.246
446,Alice,Arnold,aarnold@fiveclub.gov,Singapore,7.74.23.77
447,Lisa,Fox,lfox@skipstorm.name,Isle of Man,208.69.36.91
448,Joan,Young,jyoung@zoomzone.gov,French Guiana,159.142.6.163
449,Christina,Murphy,cmurphy@wordify.net,Benin,201.222.248.132
450,Kathy,Edwards,kedwards@abatz.edu,"Congo, Republic of",9.130.223.230
451,Johnny,Bennett,jbennett@jatri.net,"Congo, Republic of",48.96.233.249
452,Daniel,Scott,dscott@voonix.edu,Fiji,79.249.114.203
453,Sandra,Bennett,sbennett@bubblemix.name,India,156.223.176.106
454,Samuel,Kennedy,skennedy@vipe.info,Faroe Islands,56.158.122.200
455,Amy,Harper,aharper@gigabox.mil,Vatican City State (Holy See),176.246.100.237
456,Sara,Davis,sdavis@skynoodle.edu,Albania,128.152.3.123
457,Maria,Gardner,mgardner@brightdog.mil,Iraq,175.177.215.157
458,Norma,Myers,nmyers@flashset.org,Luxembourg,68.51.82.36
459,Raymond,Williams,rwilliams@skidoo.biz,Sweden,118.241.23.9
460,Christina,Hall,chall@thoughtbeat.mil,Portugal,45.34.79.177
461,Christine,Willis,cwillis@yombu.org,Cambodia,37.230.129.56
462,Emily,Mitchell,emitchell@reallinks.biz,"Congo, Republic of",184.85.91.27
463,Aaron,Chavez,achavez@jayo.info,Trinidad and Tobago,5.1.93.24
464,Melissa,Gutierrez,mgutierrez@babbleblab.org,South Africa,12.255.29.54
465,Phyllis,Shaw,pshaw@tagfeed.info,El Salvador,22.62.66.170
466,Dorothy,Pierce,dpierce@fadeo.net,Bahrain,78.20.95.238
467,Judith,Montgomery,jmontgomery@thoughtstorm.net,Tunisia,84.236.5.201
468,Phyllis,Ferguson,pferguson@twiyo.net,Samoa,207.85.100.137
469,Eugene,Washington,ewashington@jetpulse.edu,Honduras,160.115.223.150
470,Matthew,Richards,mrichards@oyope.name,"Congo, Democratic Republic of",210.93.55.170
471,Martha,Stephens,mstephens@twitterlist.biz,Ascension Island,210.152.171.213
472,Aaron,Day,aday@flashdog.name,France,248.246.195.112
473,Norma,Cox,ncox@fliptune.name,British Virgin Islands,253.152.0.192
474,Joe,Brooks,jbrooks@shufflester.biz,Saint Vincent and the Grenadines,149.67.53.61
475,Cheryl,Simmons,csimmons@yodoo.name,Dominica,124.231.241.23
476,Gregory,Mcdonald,gmcdonald@podcat.org,Mauritius,47.235.249.250
477,Betty,Reynolds,breynolds@aimbo.edu,Seychelles,96.20.224.223
478,Frank,Williams,fwilliams@jetwire.edu,Tuvalu,104.19.98.52
479,Andrea,Jacobs,ajacobs@gabtype.biz,San Marino,174.14.194.109
480,Marilyn,Medina,mmedina@gigashots.net,Armenia,208.220.29.147
481,Patricia,Matthews,pmatthews@wikizz.com,Aruba,251.151.237.247
482,Louis,Porter,lporter@npath.name,Netherlands,115.253.130.139
483,Nicholas,Perry,nperry@ooba.mil,Faroe Islands,147.7.1.215
484,Sean,Harris,sharris@cogilith.info,Niger,40.210.18.57
485,Martin,Oliver,moliver@jazzy.info,South Africa,223.170.160.22
486,Todd,Gardner,tgardner@skaboo.edu,Bouvet Island,168.198.66.216
487,Andrea,Cook,acook@fivebridge.com,Portugal,225.224.238.219
488,Walter,Ross,wross@thoughtmix.gov,France,82.27.201.205
489,Alice,Lawrence,alawrence@nlounge.name,British Indian Ocean Territory,228.24.144.206
490,Terry,Collins,tcollins@jaxnation.net,French Southern Territories,149.229.172.88
491,Shawn,Price,sprice@flashset.edu,Gabon,202.113.150.67
492,Phillip,Ferguson,pferguson@wordtune.info,Bhutan,172.196.6.125
493,Harry,Peters,hpeters@gigashots.com,Gibraltar,169.254.20.219
494,Andrea,Jackson,ajackson@brainverse.info,Åland,139.242.75.203
495,Anna,George,ageorge@zazio.net,Papua New Guinea,214.156.227.230
496,Antonio,Perry,aperry@innoz.net,Vatican City State (Holy See),120.234.166.108
497,Debra,Gonzalez,dgonzalez@voonyx.com,Hungary,135.25.147.159
498,Melissa,Chavez,mchavez@meezzy.info,Turkey,121.213.122.1
499,Michael,Thomas,mthomas@dabfeed.com,Macau,80.43.197.6
500,Larry,Palmer,lpalmer@flashdog.org,Belarus,207.224.103.134
501,Ashley,Washington,awashington@reallinks.edu,Oman,171.7.15.243
502,Ruby,Perkins,rperkins@chatterbridge.com,Isle of Man,145.19.120.203
503,Andrea,Hansen,ahansen@lajo.name,Bermuda,22.140.142.51
504,Brandon,Garrett,bgarrett@zoombeat.org,Saint Martin,212.82.163.154
505,Steve,Cole,scole@mynte.info,Papua New Guinea,254.189.149.83
506,Teresa,Henderson,thenderson@oba.name,Kazakhstan,183.202.150.29
507,Donald,Reynolds,dreynolds@katz.info,Belgium,186.151.181.43
508,Judy,Hunt,jhunt@oloo.mil,Macedonia,20.219.255.137
509,Linda,Carroll,lcarroll@blogtag.net,Micronesia,33.235.108.38
510,Jacqueline,Adams,jadams@chatterpoint.biz,Saint Martin,200.113.143.171
511,Alan,Bishop,abishop@kwilith.com,Uruguay,46.172.22.224
512,Keith,Cruz,kcruz@ailane.info,Slovakia,16.44.224.233
513,Rose,Lopez,rlopez@zava.com,Grenada,204.95.12.148
514,Bruce,Richardson,brichardson@skimia.edu,Barbados,208.155.210.73
515,Kenneth,Lawrence,klawrence@dabjam.com,Serbia,248.49.198.183
516,Daniel,Morales,dmorales@kwilith.net,Central African Republic,247.0.6.49
517,Jason,Bradley,jbradley@jabbersphere.edu,Bahrain,35.196.216.149
518,Joshua,Knight,jknight@voomm.name,Guyana,244.133.223.117
519,Pamela,Schmidt,pschmidt@trupe.biz,Croatia,67.133.229.80
520,Alan,Rodriguez,arodriguez@tavu.net,Jamaica,218.237.229.178
521,Marie,Nguyen,mnguyen@innoz.com,Romania,156.67.211.69
522,Karen,Kelley,kkelley@twitternation.name,Nigeria,198.182.180.176
523,Randy,Cook,rcook@realbuzz.org,Christmas Island,180.248.6.111
524,Teresa,Reed,treed@kimia.gov,United States Virgin Islands,101.107.103.77
525,Craig,Mendoza,cmendoza@trudeo.info,Italy,102.243.208.184
526,Gerald,Meyer,gmeyer@riffwire.org,Faroe Islands,102.51.144.162
527,Lillian,Freeman,lfreeman@livetube.mil,Bosnia and Herzegovina,0.133.180.253
528,Lori,Howell,lhowell@shuffledrive.biz,Dominican Republic,218.41.173.33
529,Susan,Hudson,shudson@dazzlesphere.name,Nauru,181.201.39.150
530,Anna,Ferguson,aferguson@yambee.name,Sweden,174.196.77.86
531,Kathryn,Spencer,kspencer@thoughtstorm.biz,Western Sahara,235.47.30.162
532,Janet,Bowman,jbowman@jetwire.org,Cameroon,234.33.86.132
533,Diana,Grant,dgrant@flipopia.name,Thailand,138.58.151.1
534,Nancy,Greene,ngreene@twitterlist.biz,Kazakhstan,102.173.65.243
535,James,Reed,jreed@skibox.name,Brazil,181.31.132.202
536,Larry,Willis,lwillis@photofeed.gov,Tajikistan,47.249.61.232
537,Elizabeth,Arnold,earnold@realbridge.name,Indonesia,40.36.111.171
538,Peter,Lee,plee@skyba.edu,Monaco,86.169.40.130
539,Kelly,Gomez,kgomez@zazio.biz,Cambodia,234.45.6.198
540,Rose,Matthews,rmatthews@oyonder.gov,South Africa,65.240.186.105
541,Rose,Edwards,redwards@feedspan.gov,Iceland,88.197.121.159
542,Anthony,Hanson,ahanson@snaptags.edu,American Samoa,113.106.69.252
543,Philip,Walker,pwalker@oloo.gov,US Minor Outlying Islands,89.214.192.98
544,Victor,Grant,vgrant@mynte.name,Bouvet Island,5.75.229.160
545,Gloria,Hawkins,ghawkins@zoomlounge.biz,Ecuador,37.127.11.110
546,Robin,Matthews,rmatthews@jabbersphere.net,British Virgin Islands,199.222.171.47
547,Alan,Burns,aburns@youspan.info,Albania,235.32.196.226
548,Louise,Ramirez,lramirez@meezzy.edu,Azerbaijan,232.163.43.29
549,Joshua,Rogers,jrogers@jaxbean.name,Malta,135.254.224.3
550,Rose,Gutierrez,rgutierrez@avamm.biz,Niue,145.70.40.206
551,Adam,Ortiz,aortiz@jumpxs.com,Peru,224.3.210.160
552,Harold,Butler,hbutler@feedbug.name,Nauru,104.19.239.119
553,Julie,Lee,jlee@dynazzy.gov,Bolivia,155.197.52.222
554,Betty,Tucker,btucker@kare.biz,Argentina,245.82.133.95
555,Julie,Harper,jharper@skivee.name,Turkey,47.43.126.177
556,Debra,Ray,dray@avaveo.edu,Sri Lanka,28.20.103.128
557,Clarence,Elliott,celliott@dynava.info,Nepal,157.136.14.82
558,Clarence,Holmes,cholmes@lazz.org,Pakistan,94.56.28.66
559,Betty,Powell,bpowell@youfeed.name,Palau,93.54.238.110
560,Diana,Ellis,dellis@devpoint.net,Andorra,53.158.86.144
561,Andrew,Myers,amyers@babbleopia.gov,Turkmenistan,9.124.118.167
562,Anne,Reid,areid@realblab.com,"Korea, North",33.69.4.91
563,Tina,Shaw,tshaw@topiczoom.edu,USSR,251.219.39.189
564,Susan,Howell,showell@photospace.name,Mexico,0.40.39.77
565,Carol,Shaw,cshaw@fivechat.net,Central African Republic,10.95.78.56
566,Victor,Oliver,voliver@topicblab.info,Czech Republic,129.219.130.131
567,Marilyn,Henry,mhenry@skajo.gov,Albania,166.142.196.184
568,Helen,Stone,hstone@demimbu.name,Gambia,111.66.228.10
569,Linda,Payne,lpayne@bluejam.edu,Kyrgyzstan,68.38.231.158
570,Philip,Ross,pross@dabvine.edu,Guinea-Bissau,33.252.80.169
571,Marilyn,George,mgeorge@aimbo.info,Sweden,31.207.27.62
572,Roy,Edwards,redwards@yadel.mil,Papua New Guinea,48.179.20.184
573,Jesse,Henry,jhenry@podcat.edu,Yugoslavia,240.73.243.98
574,Patricia,Smith,psmith@voolia.name,Antarctica,20.168.81.226
575,Terry,Simpson,tsimpson@centimia.net,Yugoslavia,150.171.161.135
576,Phyllis,Morgan,pmorgan@feedfire.info,Falkland Islands (Malvinas),90.75.157.242
577,Andrew,Porter,aporter@riffpedia.mil,Saint Martin,75.34.0.116
578,Christopher,Price,cprice@zoomcast.info,British Indian Ocean Territory,0.170.49.70
579,Karen,Wagner,kwagner@dabfeed.mil,Sierra Leone,177.12.201.63
580,Walter,Graham,wgraham@mydeo.mil,Micronesia,232.126.238.204
581,Johnny,Hall,jhall@meetz.info,Norfolk Island,79.91.150.251
582,Daniel,Martinez,dmartinez@flashspan.name,Bosnia and Herzegovina,59.213.230.82
583,Harold,Boyd,hboyd@gabvine.biz,Yugoslavia,191.50.58.160
584,Nicole,Marshall,nmarshall@zooveo.net,Ireland,52.26.133.196
585,James,Coleman,jcoleman@jayo.biz,Botswana,209.226.89.227
586,Ruby,Weaver,rweaver@twinte.mil,Eritrea,16.204.171.51
587,Larry,Rose,lrose@skipstorm.biz,Chile,38.54.136.94
588,Stephen,Garrett,sgarrett@pixoboo.biz,Uzbekistan,131.3.237.85
589,Fred,Lee,flee@zoomlounge.biz,Paraguay,17.196.134.230
590,Karen,Richards,krichards@zooxo.info,Azerbaijan,44.6.25.53
591,Barbara,Robertson,brobertson@flashpoint.org,Liechtenstein,170.38.24.40
592,Nicholas,Torres,ntorres@abata.info,Mali,134.222.9.179
593,Jesse,Cox,jcox@flashspan.org,Christmas Island,104.234.117.80
594,Jeremy,Fox,jfox@yoveo.biz,Liechtenstein,250.254.205.102
595,Donald,Wheeler,dwheeler@flashdog.name,Guernsey,75.224.48.10
596,Amy,Perez,aperez@tagchat.info,Swaziland,214.60.12.18
597,Tammy,Weaver,tweaver@ntags.gov,Turkmenistan,207.30.78.51
598,Catherine,West,cwest@linktype.gov,Bolivia,46.229.93.202
599,Joshua,Morris,jmorris@jabberbean.com,Gibraltar,237.203.9.177
600,Justin,Bailey,jbailey@midel.name,Dominican Republic,96.181.232.128
601,Mildred,West,mwest@ooba.biz,Armenia,142.199.48.159
602,Jean,Washington,jwashington@jabbertype.biz,Haiti,178.184.212.73
603,Sandra,Carr,scarr@shufflester.name,Moldova,58.101.160.149
604,Janet,Wright,jwright@brainverse.net,Palau,57.23.72.241
605,Todd,Matthews,tmatthews@yabox.gov,Sao Tome and Principe,159.115.26.188
606,Sara,Harper,sharper@kayveo.name,Yemen,97.185.42.124
607,John,Bryant,jbryant@buzzster.biz,Armenia,63.255.226.248
608,Judith,Flores,jflores@riffpedia.name,Czech Republic,126.141.23.98
609,Sara,Myers,smyers@lazzy.info,Switzerland,104.54.231.185
610,Philip,Sanchez,psanchez@photolist.info,"Congo, Republic of",1.215.198.193
611,Donald,Simmons,dsimmons@kayveo.name,Estonia,71.242.64.244
612,Doris,Bennett,dbennett@yodo.name,Taiwan,79.59.194.43
613,Debra,Riley,driley@oodoo.name,Martinique,35.168.125.125
614,Albert,Gardner,agardner@katz.name,Belize,247.63.150.42
615,Philip,James,pjames@dabjam.edu,Honduras,140.113.181.147
616,Terry,Kennedy,tkennedy@topiclounge.net,Singapore,122.42.231.63
617,Sean,Andrews,sandrews@skynoodle.net,Pitcairn Island,133.56.136.179
618,Brenda,Gordon,bgordon@skipstorm.info,South Georgia and the South Sandwich Islands,71.245.241.247
619,Harold,Mccoy,hmccoy@devpulse.org,Eritrea,120.215.161.102
620,Lois,Cunningham,lcunningham@gabcube.biz,Western Sahara,142.193.192.86
621,Terry,Hunter,thunter@devpulse.gov,Hungary,108.212.68.50
622,Jonathan,Torres,jtorres@dynabox.net,Bulgaria,136.8.233.219
623,Bonnie,Ortiz,bortiz@photolist.biz,France,110.45.86.130
624,Ralph,Johnson,rjohnson@chatterbridge.name,Saint Lucia,30.191.109.147
625,Patrick,Phillips,pphillips@skibox.edu,Cocos (Keeling) Island,141.22.110.159
626,Juan,Warren,jwarren@zoovu.org,Mauritius,168.161.168.198
627,Kimberly,Harris,kharris@meedoo.name,Australia,108.147.120.31
628,David,Fowler,dfowler@oozz.net,Sierra Leone,168.166.133.128
629,Marilyn,Franklin,mfranklin@quinu.com,Bangladesh,70.46.181.251
630,Kathryn,Gonzalez,kgonzalez@youbridge.org,Ghana,184.19.57.10
631,Brandon,Snyder,bsnyder@photospace.gov,Lesotho,254.245.45.120
632,Marilyn,Richards,mrichards@flipbug.info,Bhutan,4.96.234.8
633,Stephanie,Rivera,srivera@edgeclub.info,Djibouti,139.214.158.117
634,Justin,Banks,jbanks@babblestorm.net,Jersey,3.76.173.132
635,Irene,Riley,iriley@dynava.gov,Thailand,40.164.207.184
636,Jacqueline,Gibson,jgibson@wikizz.info,Hungary,3.39.77.6
637,Peter,Alvarez,palvarez@skidoo.biz,Portugal,85.80.155.10
638,Patricia,Torres,ptorres@mydeo.gov,Cook Islands,78.16.12.187
639,Evelyn,Bell,ebell@brainlounge.mil,Cape Verde,59.254.91.167
640,Timothy,Stephens,tstephens@agivu.edu,Guinea-Bissau,190.85.62.200
641,Sandra,West,swest@flashdog.com,Turkey,184.69.148.204
642,Philip,Rogers,progers@wikivu.org,Italy,214.50.60.22
643,Harold,Richardson,hrichardson@divavu.mil,Afghanistan,80.162.170.207
644,Phillip,Hanson,phanson@yotz.info,Kiribati,20.115.248.117
645,George,Jacobs,gjacobs@rhybox.net,French Guiana,144.116.110.140
646,Wayne,Mcdonald,wmcdonald@skilith.edu,Yemen,148.202.36.56
647,Maria,Gonzalez,mgonzalez@divanoodle.org,United States of America,36.143.29.116
648,Paul,Price,pprice@eabox.name,Maldives,248.127.23.231
649,Teresa,Edwards,tedwards@mynte.biz,Italy,124.99.39.130
650,Lillian,Griffin,lgriffin@flipopia.mil,Cocos (Keeling) Island,241.243.140.32
651,Samuel,Morgan,smorgan@demimbu.org,Iceland,224.106.108.18
652,Debra,Henry,dhenry@buzzster.edu,Saudia Arabia,122.188.43.108
653,Antonio,Kennedy,akennedy@browsecat.mil,Taiwan,90.171.169.156
654,Todd,Castillo,tcastillo@gabtype.com,Chad,91.17.7.140
655,Joe,Castillo,jcastillo@twitterlist.name,Poland,65.116.11.241
656,Kenneth,Cunningham,kcunningham@tanoodle.info,Antarctica,99.55.25.4
657,Billy,King,bking@buzzster.mil,"Palestinian Territory, Occupied",191.29.232.97
658,Nancy,Rice,nrice@einti.com,Uruguay,85.120.185.72
659,Timothy,Murphy,tmurphy@skiba.biz,Macau,3.32.244.143
660,Walter,Sullivan,wsullivan@jaxspan.org,New Caledonia,122.109.74.19
661,Richard,Gonzales,rgonzales@tagcat.com,"Congo, Republic of",114.195.34.27
662,Lawrence,Graham,lgraham@mudo.info,Saint Kitts and Nevis,165.229.214.97
663,Ronald,Andrews,randrews@jaxworks.name,Luxembourg,37.147.116.59
664,Martin,Williams,mwilliams@gabspot.gov,Zimbabwe,190.16.99.152
665,Tina,Bell,tbell@avamba.biz,Haiti,239.107.125.140
666,Ryan,Fuller,rfuller@skiptube.mil,Brunei Darussalam,102.111.24.49
667,Billy,Clark,bclark@riffwire.edu,Maldives,20.57.254.36
668,Jose,West,jwest@rhynoodle.name,Sweden,93.59.26.233
669,Steven,Harper,sharper@avamm.info,French Polynesia,131.237.164.163
670,Jose,Collins,jcollins@lazzy.com,Uzbekistan,172.54.201.209
671,Kimberly,Harrison,kharrison@innoz.info,Egypt,64.248.242.227
672,Jerry,Ruiz,jruiz@mudo.gov,Yemen,1.73.79.229
673,Justin,Rodriguez,jrodriguez@reallinks.edu,Egypt,23.115.191.107
674,Julie,Hudson,jhudson@wordify.biz,Bermuda,142.116.121.2
675,Karen,Harrison,kharrison@quaxo.biz,Nepal,1.210.156.232
676,Maria,Martin,mmartin@realmix.gov,Netherlands Antilles,186.86.228.158
677,Emily,Bailey,ebailey@edgeify.info,Belize,167.255.147.111
678,Doris,Larson,dlarson@thoughtsphere.mil,Macedonia,91.113.157.128
679,Katherine,Reynolds,kreynolds@zoomzone.name,Niger,173.239.205.112
680,Patrick,Watson,pwatson@skalith.info,Guyana,95.163.56.122
681,Eric,Barnes,ebarnes@camido.biz,Sudan,87.130.141.163
682,Karen,Wheeler,kwheeler@jaxspan.biz,Barbados,3.158.76.113
683,Christina,Harvey,charvey@voomm.biz,Reunion,12.48.161.190
684,Elizabeth,Ortiz,eortiz@tagopia.mil,Western Sahara,45.206.178.127
685,Daniel,Woods,dwoods@quatz.name,Morocco,2.186.87.16
686,Kathleen,Howard,khoward@jabbertype.com,Christmas Island,27.180.244.59
687,William,Hayes,whayes@zoomlounge.gov,Guinea-Bissau,151.204.137.133
688,Stephanie,Campbell,scampbell@rhynyx.biz,Namibia,180.60.218.134
689,Jesse,Marshall,jmarshall@realpoint.mil,China,213.41.140.31
690,Beverly,Stevens,bstevens@cogilith.com,Falkland Islands (Malvinas),78.114.234.129
691,Sharon,Murray,smurray@leexo.gov,Belgium,71.203.75.214
692,Norma,Alvarez,nalvarez@bubbletube.biz,Yugoslavia,121.85.6.247
693,Jeffrey,Moreno,jmoreno@jetwire.org,Honduras,109.4.48.102
694,Janice,Gutierrez,jgutierrez@roomm.biz,Indonesia,121.157.210.251
695,Wayne,Hunt,whunt@realbuzz.net,United States Virgin Islands,209.232.120.183
696,Joshua,Butler,jbutler@shuffletag.org,Czech Republic,109.198.182.135
697,Kenneth,Arnold,karnold@oyoyo.org,Philippines,82.156.13.161
698,Jack,Brooks,jbrooks@quatz.name,Zambia,89.148.168.157
699,Rachel,Powell,rpowell@dabtype.gov,Guam,187.106.67.68
700,Linda,Coleman,lcoleman@geba.net,"Palestinian Territory, Occupied",64.78.195.69
701,Anthony,Sullivan,asullivan@talane.com,Kyrgyzstan,191.139.236.71
702,Robert,Long,rlong@kayveo.com,Mauritius,188.185.46.87
703,Phillip,Austin,paustin@topiclounge.biz,"Palestinian Territory, Occupied",50.168.209.46
704,Patricia,Mitchell,pmitchell@browsebug.org,Qatar,156.57.226.138
705,Nicole,Lopez,nlopez@zooxo.gov,Cocos (Keeling) Island,13.5.105.192
706,Phillip,Welch,pwelch@blogspan.gov,Chad,55.144.145.50
707,Philip,Wilson,pwilson@zooxo.org,Mexico,15.107.169.186
708,Sharon,Ford,sford@youspan.gov,Ecuador,242.173.82.101
709,Terry,Coleman,tcoleman@tagtune.net,Saint Vincent and the Grenadines,40.43.19.255
710,Steven,Montgomery,smontgomery@ntags.org,Comoros,100.142.110.135
711,Diane,Watson,dwatson@voolia.info,Mayotte,253.223.253.156
712,Jeremy,Matthews,jmatthews@abata.mil,Poland,207.145.74.204
713,Christina,Diaz,cdiaz@topicware.biz,Laos,24.224.76.212
714,Gary,Berry,gberry@feedspan.biz,Malaysia,108.221.38.8
715,Rebecca,Cooper,rcooper@quaxo.info,Montserrat,187.3.186.5
716,Sean,Price,sprice@npath.mil,Peru,42.82.83.75
717,Harold,Brown,hbrown@podcat.mil,Nauru,156.58.118.100
718,Sharon,Price,sprice@ainyx.info,Lebanon,38.59.98.100
719,Christina,Snyder,csnyder@zooveo.org,Martinique,100.213.86.255
720,Mary,Mendoza,mmendoza@flipbug.edu,Tunisia,191.94.126.207
721,Marilyn,Moore,mmoore@avavee.info,Tunisia,134.108.244.12
722,Barbara,Ray,bray@skajo.mil,Brunei Darussalam,238.169.111.254
723,Maria,Bowman,mbowman@midel.biz,Barbados,91.166.14.83
724,Kathy,Elliott,kelliott@innotype.net,Taiwan,97.149.146.137
725,Nancy,Berry,nberry@gabtune.mil,Svalbard and Jan Mayen Islands,219.119.80.133
726,Robert,Boyd,rboyd@oba.info,Afghanistan,92.106.81.134
727,Joyce,White,jwhite@tagtune.mil,Fiji,178.60.11.236
728,Craig,Campbell,ccampbell@gabcube.org,Dominican Republic,110.89.188.174
729,Steven,Hamilton,shamilton@ntag.info,Algeria,74.248.8.237
730,Benjamin,Davis,bdavis@jaloo.com,Belize,85.72.201.31
731,Patricia,Bailey,pbailey@nlounge.edu,Yugoslavia,160.31.240.220
732,Jack,Carpenter,jcarpenter@shufflester.edu,Belgium,141.255.92.40
733,Sean,Cole,scole@gigabox.net,Tajikistan,76.223.199.113
734,Lori,Ward,lward@kazio.info,Lithuania,0.12.139.121
735,Stephanie,Sanchez,ssanchez@skinix.biz,Senegal,149.32.106.187
736,Edward,Watkins,ewatkins@livetube.info,Antigua and Barbuda,142.149.160.218
737,Sara,Stone,sstone@devify.mil,Åland,20.54.140.50
738,Phyllis,Banks,pbanks@blogpad.com,Oman,223.255.27.16
739,Steve,Hart,shart@kimia.edu,French Polynesia,215.74.24.154
740,Kathy,Moore,kmoore@gabvine.edu,Argentina,151.88.94.58
741,Matthew,Smith,msmith@meevee.name,United Kingdom,244.244.125.151
742,Ann,Robertson,arobertson@dynabox.name,"Congo, Democratic Republic of",29.50.128.83
743,Wayne,Burton,wburton@oloo.edu,United States Virgin Islands,32.16.207.6
744,Linda,Moore,lmoore@quimba.biz,Greenland,173.122.254.207
745,Janet,Howard,jhoward@jayo.biz,Botswana,75.225.250.64
746,Michael,Phillips,mphillips@mydo.biz,Albania,181.82.74.206
747,Paula,Hughes,phughes@npath.name,Mexico,233.35.43.104
748,Stephen,Wood,swood@browsezoom.mil,Guadeloupe,216.106.61.55
749,Stephanie,Kelley,skelley@quamba.gov,Western Sahara,167.44.103.8
750,Benjamin,Walker,bwalker@skajo.name,Sudan,85.160.88.59
751,Ralph,Oliver,roliver@mybuzz.gov,Saudia Arabia,163.252.233.115
752,Kimberly,Alvarez,kalvarez@shufflester.name,Uzbekistan,77.128.34.159
753,Ashley,Greene,agreene@browsedrive.biz,Puerto Rico,104.64.13.138
754,Donald,Brown,dbrown@cogilith.info,Haiti,229.205.15.191
755,Arthur,Richardson,arichardson@kanoodle.mil,Dominican Republic,42.8.236.220
756,Irene,Jenkins,ijenkins@topicstorm.edu,Malawi,156.20.177.2
757,Shirley,Gardner,sgardner@yata.net,Armenia,188.13.132.175
758,Robert,Brooks,rbrooks@centidel.net,Finland,241.104.67.169
759,Christina,Ortiz,cortiz@dablist.name,Bermuda,224.123.56.76
760,Virginia,Wheeler,vwheeler@twimbo.com,Guinea,196.111.28.95
761,Lisa,Wagner,lwagner@jabbercube.info,Peru,70.222.6.26
762,Anne,Knight,aknight@vitz.net,Djibouti,99.200.45.91
763,Daniel,Rodriguez,drodriguez@rhynyx.mil,United Kingdom,19.148.218.36
764,Sara,Nelson,snelson@brainlounge.net,Tonga,73.56.27.152
765,Evelyn,Peters,epeters@brainbox.net,Swaziland,19.220.5.144
766,Aaron,Hudson,ahudson@teklist.mil,Marshall Islands,6.234.122.66
767,Denise,Matthews,dmatthews@jabbersphere.gov,Turks and Caicos Islands,234.201.141.3
768,Donna,Burton,dburton@leenti.com,"Congo, Democratic Republic of",183.255.229.210
769,Norma,Ford,nford@oyondu.gov,Haiti,148.82.96.125
770,Nicole,Palmer,npalmer@twitterbeat.gov,Reunion,145.49.174.32
771,Carl,Rogers,crogers@gigazoom.name,Turks and Caicos Islands,184.249.31.148
772,Scott,Meyer,smeyer@agimba.edu,Honduras,131.105.81.185
773,Albert,Reed,areed@bubblebox.biz,Greece,99.136.136.100
774,Sean,Richardson,srichardson@skynoodle.edu,Jersey,90.68.180.116
775,Shirley,Taylor,staylor@rhynoodle.org,Norway,90.164.20.219
776,Carolyn,Rodriguez,crodriguez@jatri.com,Andorra,185.47.34.142
777,Phillip,Boyd,pboyd@aivee.com,Cameroon,82.83.235.110
778,Gary,Dixon,gdixon@bubblemix.mil,Cayman Islands,125.101.197.44
779,Rose,Martinez,rmartinez@feedspan.name,Sri Lanka,62.17.14.111
780,Albert,Peters,apeters@youbridge.name,Åland,202.241.31.148
781,Maria,Gilbert,mgilbert@oyoba.org,Mauritania,169.168.38.109
782,Steven,Knight,sknight@lazz.net,Czech Republic,100.190.23.105
783,Joseph,Martin,jmartin@twitternation.name,Aruba,229.134.156.107
784,Donald,Kennedy,dkennedy@janyx.com,Gambia,248.255.140.194
785,Jerry,Olson,jolson@blogxs.org,Nauru,15.206.67.132
786,Edward,Foster,efoster@jabbercube.net,United Arab Emirates,228.94.224.119
787,Deborah,Nelson,dnelson@ntags.edu,Uganda,202.124.240.38
788,Ruth,Boyd,rboyd@flipopia.org,Saint Lucia,169.245.12.139
789,Edward,Young,eyoung@kare.com,British Virgin Islands,162.174.114.205
790,Mark,Wallace,mwallace@photobean.biz,Kenya,155.84.38.76
791,Lawrence,Carpenter,lcarpenter@edgeblab.org,Denmark,2.152.197.8
792,Craig,Fields,cfields@muxo.name,Bangladesh,5.2.215.159
793,Amanda,Powell,apowell@topiczoom.gov,Guatemala,2.166.80.240
794,Jason,Green,jgreen@oyoba.gov,Bosnia and Herzegovina,236.34.80.142
795,Robin,Morgan,rmorgan@aivee.mil,Saint Kitts and Nevis,174.86.209.136
796,Pamela,Thompson,pthompson@skyndu.edu,Reunion,46.114.5.74
797,Heather,Cole,hcole@centizu.name,Gabon,210.146.128.237
798,Betty,Miller,bmiller@blogtags.gov,Nigeria,230.55.255.147
799,Shirley,Wood,swood@myworks.name,Benin,187.243.26.249
800,Michael,Gonzalez,mgonzalez@quimba.net,Guyana,74.202.132.35
801,Philip,Castillo,pcastillo@ntag.com,Marshall Islands,97.86.100.226
802,Albert,Harris,aharris@einti.net,Cameroon,102.173.49.182
803,Earl,Kennedy,ekennedy@zava.mil,Trinidad and Tobago,162.33.219.147
804,Justin,Grant,jgrant@mybuzz.name,Kenya,172.218.240.165
805,Diane,Stone,dstone@kayveo.org,Togo,10.153.12.188
806,Katherine,Sanders,ksanders@twinder.org,British Virgin Islands,209.147.11.250
807,Samuel,Flores,sflores@skinder.name,"Palestinian Territory, Occupied",76.136.82.164
808,Doris,Gordon,dgordon@talane.net,Saudia Arabia,141.39.109.130
809,Teresa,Hunt,thunt@topicware.name,Hong Kong,235.60.64.106
810,Henry,Lynch,hlynch@realbuzz.mil,Norfolk Island,56.211.159.161
811,Willie,Lynch,wlynch@twitterworks.mil,Cook Islands,205.176.116.191
812,David,Welch,dwelch@photojam.net,Samoa,77.23.154.6
813,Steve,Snyder,ssnyder@thoughtworks.com,Libya,228.138.27.116
814,Craig,Elliott,celliott@devcast.net,Timor-Leste,22.178.236.151
815,Karen,Ruiz,kruiz@brainbox.mil,British Virgin Islands,43.4.84.32
816,Steven,Baker,sbaker@mynte.name,French Guiana,212.48.98.153
817,Tammy,Ramos,tramos@skyba.info,Macedonia,103.117.4.79
818,Jimmy,Chavez,jchavez@nlounge.info,"Congo, Republic of",204.89.91.94
819,Ruth,Daniels,rdaniels@skipfire.mil,Morocco,154.119.202.20
820,Kimberly,Thompson,kthompson@camimbo.mil,Niue,38.172.21.39
821,Theresa,Little,tlittle@flashset.edu,Israel,153.31.238.31
822,Bobby,Hunt,bhunt@topicware.net,Morocco,48.205.176.32
823,Bonnie,Kim,bkim@twimbo.name,Colombia,210.202.116.48
824,Frank,Matthews,fmatthews@mycat.name,US Minor Outlying Islands,51.137.210.246
825,Andrea,Shaw,ashaw@linklinks.com,Uganda,142.37.177.156
826,Diana,Willis,dwillis@meevee.info,Ghana,16.25.121.112
827,James,Shaw,jshaw@pixonyx.mil,China,144.8.185.205
828,Catherine,Bennett,cbennett@shufflester.mil,Guinea-Bissau,211.215.180.190
829,Mark,Knight,mknight@zoombeat.edu,Gambia,66.136.247.169
830,Christine,Reid,creid@topicstorm.name,Montenegro,9.171.153.238
831,Lillian,Schmidt,lschmidt@gabspot.info,United States Virgin Islands,241.153.55.120
832,Beverly,Anderson,banderson@trilia.com,Saint Vincent and the Grenadines,230.169.141.55
833,Billy,Bell,bbell@mita.edu,Cape Verde,28.107.40.0
834,Kathleen,Walker,kwalker@blogspan.name,Mongolia,85.253.1.234
835,Charles,Daniels,cdaniels@kimia.mil,British Indian Ocean Territory,144.96.227.233
836,Robin,Perez,rperez@jaxbean.com,Algeria,84.101.113.11
837,Pamela,Hamilton,phamilton@quatz.net,New Zealand,98.3.113.107
838,Rose,Jordan,rjordan@feedbug.gov,"Palestinian Territory, Occupied",106.25.151.207
839,Jacqueline,Washington,jwashington@kaymbo.mil,Myanmar,248.14.200.2
840,Catherine,Fowler,cfowler@browsezoom.mil,Netherlands Antilles,169.56.252.88
841,Kevin,Cook,kcook@babbleblab.edu,Seychelles,190.211.122.158
842,Jean,Thomas,jthomas@trudeo.net,Afghanistan,54.84.185.160
843,Eric,Mitchell,emitchell@youspan.gov,Estonia,145.220.70.224
844,Gregory,Arnold,garnold@riffpath.info,Montenegro,162.105.173.13
845,Norma,Wallace,nwallace@yoveo.com,Seychelles,18.145.172.137
846,Terry,Morales,tmorales@youopia.name,Georgia,185.77.223.180
847,Ashley,Rodriguez,arodriguez@realbuzz.info,Cote d'Ivoire,232.154.149.246
848,Nancy,Howard,nhoward@fanoodle.biz,Sudan,60.50.219.107
849,Kevin,Ellis,kellis@snaptags.com,Iraq,7.187.204.167
850,Daniel,Willis,dwillis@abatz.gov,Cote d'Ivoire,53.93.0.49
851,Cynthia,Henderson,chenderson@skinte.org,Venezuela,189.220.255.48
852,Evelyn,Smith,esmith@omba.com,Norfolk Island,121.19.230.93
853,Clarence,Holmes,cholmes@jumpxs.gov,Senegal,191.209.189.29
854,George,Crawford,gcrawford@eayo.gov,Mauritania,48.215.89.73
855,Amanda,Fisher,afisher@babblestorm.org,Poland,222.121.149.61
856,Kathy,Sims,ksims@quimm.com,Zambia,168.207.73.27
857,Richard,Cunningham,rcunningham@jatri.edu,Croatia,198.219.101.118
858,Barbara,Black,bblack@gigashots.com,Uganda,84.184.241.167
859,Albert,Mills,amills@babbleblab.biz,Indonesia,140.13.181.236
860,Cynthia,West,cwest@quimba.gov,Montenegro,14.153.150.209
861,Heather,Banks,hbanks@thoughtsphere.biz,Antigua and Barbuda,73.142.247.71
862,Doris,Daniels,ddaniels@gevee.biz,Taiwan,69.87.136.46
863,Andrew,Kelley,akelley@cogilith.edu,Gabon,235.128.177.236
864,Shirley,Coleman,scoleman@oyondu.gov,Vietnam,93.127.144.121
865,George,Fernandez,gfernandez@innojam.name,Bhutan,43.86.56.71
866,Jennifer,Griffin,jgriffin@brainverse.biz,Bahamas,76.5.162.217
867,Sarah,Phillips,sphillips@zoozzy.name,Grenada,204.164.128.184
868,Elizabeth,Richards,erichards@thoughtmix.name,Chad,145.40.213.196
869,Jose,Wilson,jwilson@lajo.name,Guam,67.80.237.34
870,Jean,Johnston,jjohnston@jaloo.org,Brazil,148.145.237.155
871,Amy,Matthews,amatthews@wikizz.mil,Martinique,26.127.142.137
872,Debra,Chapman,dchapman@jayo.name,American Samoa,104.235.167.195
873,Phillip,Evans,pevans@youtags.org,Ecuador,95.11.134.113
874,Christina,Bowman,cbowman@skyndu.mil,India,208.120.250.238
875,Joshua,Carr,jcarr@vinder.gov,Antigua and Barbuda,145.228.74.97
876,Jerry,Hamilton,jhamilton@riffpedia.info,Russia,3.74.65.252
877,Johnny,Harris,jharris@fivebridge.name,Uzbekistan,7.63.197.41
878,Doris,Torres,dtorres@voomm.org,Ascension Island,123.224.43.86
879,Debra,Nichols,dnichols@twitterbeat.biz,Burkina Faso,140.235.53.101
880,Beverly,Hill,bhill@realmix.com,Comoros,29.52.181.248
881,Thomas,Gonzales,tgonzales@devcast.gov,Lesotho,238.171.246.118
882,Juan,George,jgeorge@eimbee.biz,Tuvalu,245.124.150.153
883,Shawn,Montgomery,smontgomery@brainlounge.org,Fiji,178.245.222.106
884,Jean,Lawrence,jlawrence@flashpoint.edu,Lithuania,202.30.236.173
885,Eugene,Henderson,ehenderson@thoughtmix.com,Brunei Darussalam,105.74.6.49
886,Debra,Ferguson,dferguson@flashpoint.edu,Northern Mariana Islands,209.174.38.76
887,Joseph,Wood,jwood@fadeo.gov,Greece,97.254.176.215
888,Arthur,Gray,agray@kaymbo.mil,"Korea, North",31.66.66.244
889,Anthony,Elliott,aelliott@flipopia.mil,Sierra Leone,146.17.50.157
890,Sean,Kennedy,skennedy@photojam.net,Palau,105.152.33.52
891,Helen,Castillo,hcastillo@meedoo.mil,Norfolk Island,132.172.33.79
892,Joyce,Perkins,jperkins@vimbo.gov,Haiti,143.56.38.245
893,Tammy,Burke,tburke@linklinks.edu,Saint Martin,25.132.68.106
894,Kimberly,Martinez,kmartinez@buzzster.edu,El Salvador,51.135.111.100
895,Bonnie,Romero,bromero@twitterworks.edu,Saint Kitts and Nevis,32.181.88.41
896,Jason,Black,jblack@rooxo.mil,United Arab Emirates,131.50.184.107
897,Katherine,Peterson,kpeterson@brainsphere.edu,Uzbekistan,132.28.130.117
898,Matthew,Harvey,mharvey@dynabox.info,Saint Vincent and the Grenadines,127.222.141.110
899,Martin,Miller,mmiller@youbridge.net,Suriname,30.137.202.160
900,Chris,Gonzales,cgonzales@topicstorm.biz,Denmark,135.195.116.6
901,Andrew,Davis,adavis@eayo.net,Mauritania,253.230.15.232
902,Kelly,Meyer,kmeyer@zoozzy.name,Kenya,150.228.127.181
903,Nancy,Harrison,nharrison@jaxnation.biz,Cyprus,250.44.116.20
904,Ann,Frazier,afrazier@yotz.name,Kuwait,84.45.252.154
905,Gerald,Henry,ghenry@skaboo.com,Fiji,183.112.22.75
906,Harold,Lane,hlane@gabcube.org,Cook Islands,127.186.65.22
907,Jack,Perkins,jperkins@skipfire.info,Cameroon,166.225.147.129
908,Virginia,Mason,vmason@avavee.biz,Ghana,141.52.199.181
909,Joyce,Pierce,jpierce@eazzy.biz,Jamaica,145.157.243.161
910,Albert,Thomas,athomas@brainbox.org,Croatia,158.83.141.91
911,John,Johnson,jjohnson@demimbu.com,Gibraltar,189.114.109.111
912,Ronald,Henderson,rhenderson@voolith.gov,Bolivia,236.41.64.191
913,Heather,Fowler,hfowler@miboo.name,Brunei Darussalam,213.15.5.192
914,Patrick,Martin,pmartin@lazzy.mil,Mali,33.62.165.36
915,Deborah,Barnes,dbarnes@cogidoo.org,Bouvet Island,106.211.152.113
916,Robert,Johnson,rjohnson@jabberbean.gov,Macau,218.219.142.17
917,Maria,Mitchell,mmitchell@kwilith.net,Guernsey,112.89.20.109
918,Harry,Berry,hberry@brainlounge.mil,Czech Republic,211.182.215.118
919,Rachel,Snyder,rsnyder@topiczoom.net,Pakistan,244.156.14.126
920,Charles,Oliver,coliver@aimbo.info,Ascension Island,27.2.68.126
921,Janice,Nguyen,jnguyen@dynabox.com,Saudia Arabia,28.234.159.218
922,James,Mccoy,jmccoy@rooxo.name,Iraq,237.136.206.49
923,Eric,Gutierrez,egutierrez@yoveo.net,Brunei Darussalam,56.56.30.63
924,Evelyn,Garrett,egarrett@bluezoom.info,United States Virgin Islands,194.38.188.79
925,Beverly,Turner,bturner@camimbo.info,Andorra,47.231.203.226
926,Scott,Walker,swalker@flashset.info,Central African Republic,244.196.77.161
927,Carol,Perry,cperry@eamia.edu,Argentina,91.206.7.116
928,Paul,George,pgeorge@trudeo.com,Iran,96.191.1.60
929,Jose,Perez,jperez@tazz.biz,Guernsey,18.226.134.218
930,Evelyn,Thomas,ethomas@yodo.com,Nauru,199.1.246.20
931,Patrick,Flores,pflores@centidel.biz,Denmark,64.242.225.176
932,Barbara,Robertson,brobertson@jabbercube.info,Burundi,224.240.163.37
933,Lois,Romero,lromero@vimbo.net,Costa Rica,239.52.196.75
934,Craig,Alexander,calexander@quatz.org,Syria,13.165.252.48
935,Mary,Clark,mclark@avamm.com,Cuba,4.190.14.200
936,Scott,Watson,swatson@wordware.net,Vatican City State (Holy See),181.67.187.71
937,Jane,Holmes,jholmes@dynava.name,Paraguay,89.87.151.158
938,Theresa,Nichols,tnichols@devcast.org,Gabon,101.49.13.37
939,Louis,Berry,lberry@flashset.info,Portugal,65.117.17.234
940,Gary,Hanson,ghanson@oyoba.com,Antarctica,53.86.160.58
941,Bruce,Parker,bparker@twitternation.org,Ireland,150.252.15.179
942,Stephen,Jacobs,sjacobs@reallinks.biz,China,205.82.192.12
943,Steve,Hamilton,shamilton@yozio.mil,Saint Helena,188.66.106.249
944,Catherine,Peters,cpeters@fiveclub.mil,Lithuania,11.160.177.188
945,Lori,Rice,lrice@skimia.gov,Saint Kitts and Nevis,35.21.160.244
946,Ralph,Myers,rmyers@shuffletag.biz,Cape Verde,43.31.224.25
947,Jason,Burns,jburns@gabspot.org,Peru,46.18.190.21
948,Ashley,Reed,areed@minyx.name,Malawi,32.32.154.42
949,Robert,Austin,raustin@youspan.gov,Comoros,40.160.214.222
950,Peter,Day,pday@twitterbeat.name,South Georgia and the South Sandwich Islands,178.92.186.184
951,Roger,Ramos,rramos@shufflester.mil,Liberia,49.225.139.233
952,Donna,Arnold,darnold@skyba.org,Cayman Islands,207.16.58.220
953,Heather,Morgan,hmorgan@photobug.gov,Micronesia,201.159.69.29
954,Beverly,Kelley,bkelley@layo.biz,Eritrea,204.222.126.208
955,Martha,Ward,mward@ntag.org,Western Sahara,108.91.58.103
956,Roger,Hart,rhart@tagchat.name,Cuba,234.151.135.154
957,Earl,Austin,eaustin@innojam.gov,US Minor Outlying Islands,83.217.227.95
958,Jean,Morales,jmorales@yakidoo.net,Gibraltar,177.190.141.201
959,Tammy,Carter,tcarter@riffpath.biz,Antigua and Barbuda,44.234.103.243
960,Sean,Oliver,soliver@innoz.biz,Marshall Islands,119.250.33.159
961,Angela,Black,ablack@dabtype.net,Samoa,155.166.201.135
962,Stephanie,Collins,scollins@fivechat.org,Comoros,187.92.29.94
963,Jennifer,Bryant,jbryant@lazz.gov,British Virgin Islands,155.226.182.102
964,Margaret,Sanchez,msanchez@jabbercube.mil,Venezuela,205.21.125.231
965,Joan,Lee,jlee@buzzbean.edu,Philippines,81.88.20.188
966,Douglas,Thompson,dthompson@demizz.org,United States Virgin Islands,163.90.77.248
967,Juan,Vasquez,jvasquez@feedfire.com,Kenya,132.48.35.93
968,Benjamin,White,bwhite@feedbug.net,Ecuador,163.246.0.84
969,Brian,Hart,bhart@muxo.edu,Barbados,94.16.29.144
970,Anthony,Hamilton,ahamilton@centizu.mil,Trinidad and Tobago,80.9.127.255
971,John,Tucker,jtucker@cogilith.name,Turks and Caicos Islands,207.128.164.118
972,Judith,Myers,jmyers@realcube.gov,Argentina,36.204.40.22
973,Jeffrey,Bennett,jbennett@mudo.org,Svalbard and Jan Mayen Islands,202.153.186.228
974,Denise,White,dwhite@snaptags.name,Uzbekistan,76.89.99.196
975,Joan,Warren,jwarren@rhynoodle.net,Malaysia,246.92.215.177
976,Carolyn,Stevens,cstevens@midel.mil,Oman,156.74.74.120
977,Charles,Williams,cwilliams@fliptune.net,Niger,247.50.54.67
978,Lisa,Arnold,larnold@kaymbo.gov,Kazakhstan,205.222.91.168
979,Stephen,Carroll,scarroll@skidoo.name,Bahamas,179.31.181.102
980,Christopher,Baker,cbaker@skimia.biz,Morocco,4.153.114.93
981,Jonathan,Mccoy,jmccoy@oba.com,Saint Pierre and Miquelon,204.162.12.125
982,Brandon,Porter,bporter@innotype.edu,Malaysia,131.85.16.97
983,Gary,Mills,gmills@quimm.net,Vatican City State (Holy See),4.160.247.99
984,Billy,Ramos,bramos@blogtag.info,Tokelau,249.65.60.173
985,Gregory,Cole,gcole@skyndu.edu,Cambodia,244.57.142.204
986,Carl,Spencer,cspencer@wikizz.gov,Syria,88.173.124.142
987,Stephanie,Evans,sevans@jaxspan.gov,Portugal,97.57.170.0
988,Margaret,Day,mday@topicblab.edu,Tokelau,128.124.149.108
989,Jimmy,Rogers,jrogers@rhynyx.mil,Niger,137.129.253.226
990,Jose,Burton,jburton@twinder.gov,Poland,127.25.248.126
991,Victor,Miller,vmiller@realblab.gov,"Congo, Republic of",230.157.151.34
992,Joyce,Wright,jwright@jatri.name,Aruba,222.164.131.4
993,Patrick,Berry,pberry@zooveo.net,Bosnia and Herzegovina,192.24.86.107
994,Scott,Reynolds,sreynolds@pixonyx.biz,Peru,69.246.212.33
995,Louis,Bradley,lbradley@skivee.name,Malta,118.111.181.202
996,Antonio,Garza,agarza@wordtune.biz,Thailand,131.111.176.234
997,Ruth,Cruz,rcruz@izio.edu,Saudia Arabia,12.174.235.22
998,Joe,Bishop,jbishop@wikido.org,Israel,176.250.154.141
999,Evelyn,Powell,epowell@muxo.info,New Caledonia,119.79.233.126
1000,Howard,Carroll,hcarroll@ooba.com,Svalbard and Jan Mayen Islands,237.197.86.53
